<application>
  <component name="NodeJsLocalInterpreters">
    <local-interpreter path="/usr/bin/node">
      <version-cache version="8.12.0" last-modified="1536604060000" />
    </local-interpreter>
  </component>
  <component name="PropertiesComponent">
    <property name="Darcula.SavedEditorTheme" value="_@user_Darcula" />
    <property name="Default.SavedEditorTheme" value="_@user_Default" />
    <property name="ExpandBeforeRunStepsPanel" value="true" />
    <property name="ExpandRunDashboardTypesPanel" value="false" />
    <property name="InstalledPluginsSearchHistory" value="night&#10;theme" />
    <property name="KEYMAP" value="rear&#10;find" />
    <property name="PluginConfigurable.selectionTab" value="1" />
    <property name="SettingsSearchHistory" value="tasks&#10;ts&#10;night&#10;theme&#10;key" />
    <property name="TrendingPluginsSearchHistory" value="night" />
    <property name="WebStorm.enableDefaultTooltipFixes" value="true" />
    <property name="WebStorm.enableSmartQuotes" value="true" />
    <property name="WebStorm.initialConfigurationShown" value="true" />
    <property name="com.intellij.history.integration.ui.views.DirectoryHistoryDialog.0" value="300" />
    <property name="evlsprt3.183" value="17" />
    <property name="file.chooser.recent.files" value="$USER_HOME$/work/motorsenseserver/console/front" />
    <property name="file.gist.reindex.count" value="24902" />
    <property name="settings.code.style.selected.tab.TypeScript" value="Arrangement" />
    <property name="ts.lib.d.ts.version" value="3.2.1" />
  </component>
  <component name="RecentTaskRepositories">
    <Redmine shared="false" url="http://redmine.epapyrus.com">
      <option name="APIKey" value="" />
      <option name="assignedToMe" value="false" />
      <commitMessageFormat>{id} {summary}</commitMessageFormat>
      <option name="currentProject">
        <RedmineProject id="190" identifier="mscon" />
      </option>
      <option name="loginAnonymously" value="false" />
      <option name="preferredCloseTaskState" />
      <option name="preferredOpenTaskState" />
      <option name="shouldFormatCommitMessage" value="false" />
      <option name="useHttpAuthentication" value="true" />
      <option name="useProxy" value="false" />
      <username>hyeonjun.oh</username>
    </Redmine>
  </component>
</application>