<application>
  <component name="NodeJsLocalInterpreters">
    <local-interpreter path="/usr/bin/node" />
  </component>
  <component name="PropertiesComponent">
    <property name="Copy.OpenInEditor" value="true" />
    <property name="ExpandBeforeRunStepsPanel" value="true" />
    <property name="ExpandRunDashboardTypesPanel" value="false" />
    <property name="FileTemplates.SelectedTemplate" value="HTML File" />
    <property name="KEYMAP" value="close" />
    <property name="PyCharm.InitialConfiguration" value="true" />
    <property name="PyCharm.InitialConfiguration.V2" value="true" />
    <property name="PyCharm.InitialConfiguration.V3" value="true" />
    <property name="PyCharm.InitialConfiguration.V4" value="true" />
    <property name="PyCharm.InitialConfiguration.V5" value="true" />
    <property name="PyCharm.InitialConfiguration.V6" value="true" />
    <property name="PyCharm.InitialConfiguration.V7" value="true" />
    <property name="PyCharm.initialConfigurationShown" value="true" />
    <property name="SettingsSearchHistory" value="docstring&#10;docst&#10;dictionary" />
    <property name="com.intellij.history.integration.ui.views.FileHistoryDialog.0" value="300" />
    <property name="com.intellij.history.integration.ui.views.FileHistoryDialog.1" value="800" />
    <property name="evlsprt3.183" value="14" />
    <property name="file.chooser.recent.files" value="$USER_HOME$/work/dotfiles&#10;/home/dhguswns23/.WebStorm2018.3/config/colors/VS2015-Dark.icls&#10;/home/dhguswns23/work/motorsenseserver/console/api/console&#10;/home/dhguswns23/work/gateway&#10;/home/dhguswns23/work/motorsense-in-docker&#10;/home/dhguswns23/work/motorsenseserver/console/api/manage.py&#10;/home/dhguswns23/work/motorsenseserver/console/api/env/bin/python3&#10;/home/dhguswns23/work/motorsenseserver/console/api/env&#10;/home/dhguswns23/work/motorsenseserver/console/api&#10;/home/dhguswns23/work/motorsenseserver" />
    <property name="file.gist.reindex.count" value="96533" />
    <property name="fileTypeChangedCounter" value="1" />
    <property name="lastTip" value="4" />
    <property name="selected.color.option.type" value="INLINE_PARAMETER_HINT_CURRENT" />
    <property name="settings.code.style.selected.tab.Python" value="Wrapping and Braces" />
    <property name="ts.lib.d.ts.version" value="3.2.1" />
  </component>
  <component name="PyTestFrameworkService">
    <option name="SDK_TO_PYTEST">
      <map>
        <entry key="$USER_HOME$/work/gateway/env/bin/python" value="false" />
        <entry key="$USER_HOME$/work/motorsenseserver/console/api/env/bin/python3" value="false" />
      </map>
    </option>
    <option name="SDK_TO_NOSETEST">
      <map>
        <entry key="$USER_HOME$/work/gateway/env/bin/python" value="false" />
        <entry key="$USER_HOME$/work/motorsenseserver/console/api/env/bin/python3" value="false" />
      </map>
    </option>
    <option name="SDK_TO_TRIALTEST">
      <map>
        <entry key="$USER_HOME$/work/gateway/env/bin/python" value="false" />
        <entry key="$USER_HOME$/work/motorsenseserver/console/api/env/bin/python3" value="false" />
      </map>
    </option>
  </component>
</application>